day,volume_NmL,flow_NmL,olr,VS_fed_g,cum_VS_fed_g,cum_CH4_mL_per_gVSfed,CH4_mol_per_m3_per_d,CH4_L_per_L_per_d,CH4_mL_per_gVSfed_per_d,phase
0,0,0,1.5,1.5,1.5,0,0,0,0,Adaptation
1,0,0,1.5,1.5,3,0,0,0,0,Adaptation
2,0,0,1.5,1.5,4.5,0,0,0,0,Adaptation
3,1.1,1.1,1.5,1.5,6,0.1833,0.0491,0.0011,0.7333,Adaptation
4,9.1,8,0.8,0.8,6.8,1.3382,0.3569,0.008,10,Adaptation
5,13.4,4.4,0.8,0.8,7.6,1.7632,0.1963,0.0044,5.5,Adaptation
6,29.8,16.4,0.8,0.8,8.4,3.5476,0.7317,0.0164,20.5,Adaptation
7,55.8,25.9,0.8,0.8,9.2,6.0652,1.1555,0.0259,32.375,Adaptation
8,124.6,68.9,0.8,0.8,10,12.46,3.074,0.0689,86.125,Adaptation
9,149.1,24.4,0.8,0.8,10.8,13.8056,1.0886,0.0244,30.5,Adaptation
10,217.4,68.3,0.8,0.8,11.6,18.7414,3.0472,0.0683,85.375,Adaptation
11,267.9,50.5,0.3,0.3,11.9,22.5126,2.2531,0.0505,168.3333,Adaptation
12,305.8,37.9,0.3,0.3,12.2,25.0656,1.6909,0.0379,126.3333,Adaptation
13,350.2,44.4,0.3,0.3,12.5,28.016,1.9809,0.0444,148,Adaptation
14,393.7,43.4,0.3,0.3,12.8,30.7578,1.9363,0.0434,144.6667,Adaptation
15,430.7,37,0.3,0.3,13.1,32.8779,1.6508,0.037,123.3333,Adaptation
16,478.4,47.7,0.3,0.3,13.4,35.7015,2.1281,0.0477,159,Adaptation
17,522.9,44.5,0.3,0.3,13.7,38.1679,1.9854,0.0445,148.3333,Adaptation
18,568.4,45.5,0.0256,0.0256,13.7256,41.4117,2.03,0.0455,1777.3438,Adaptation
19,611,42.6,0.0256,0.0256,13.7512,44.4325,1.9006,0.0426,1664.0625,Adaptation
20,646.2,35.2,0.0256,0.0256,13.7768,46.9049,1.5704,0.0352,1375,Adaptation
21,680.1,34,0.0256,0.0256,13.8024,49.274,1.5169,0.034,1328.125,Adaptation
22,706.8,26.6,0.0256,0.0256,13.828,51.1137,1.1868,0.0266,1039.0625,Adaptation
23,734.6,27.8,1.4,1.4,15.228,48.2401,1.2403,0.0278,19.8571,Adaptation
24,758.9,24.4,1.4,1.4,16.628,45.6399,1.0886,0.0244,17.4286,Adaptation
25,798,39.1,1.4,1.4,18.028,44.2645,1.7444,0.0391,27.9286,Co-digestion
26,820.2,22.2,1.4,1.4,19.428,42.2174,0.9905,0.0222,15.8571,Co-digestion
27,846.5,26.3,1.4,1.4,20.828,40.6424,1.1734,0.0263,18.7857,Co-digestion
28,871.2,24.6,1.4,1.4,22.228,39.1938,1.0975,0.0246,17.5714,Co-digestion
29,897.9,26.7,1.4,1.4,23.628,38.0015,1.1912,0.0267,19.0714,Co-digestion
30,923.4,25.5,1.4,1.4,25.028,36.8947,1.1377,0.0255,18.2143,Co-digestion
31,960.1,36.8,1.4,1.4,26.428,36.3289,1.6418,0.0368,26.2857,Co-digestion
32,1012.3,52.2,1.4,1.4,27.828,36.377,2.3289,0.0522,37.2857,Co-digestion
33,1045.1,32.8,1.4,1.4,29.228,35.7568,1.4634,0.0328,23.4286,Co-digestion
34,1091.2,46.1,1.4,1.4,30.628,35.6275,2.0568,0.0461,32.9286,Co-digestion
35,1162.8,71.6,1.4,1.4,32.028,36.3057,3.1944,0.0716,51.1429,Co-digestion
36,1214.3,51.5,1.4,1.4,33.428,36.3258,2.2977,0.0515,36.7857,Co-digestion
37,1272.6,58.3,1.4,1.4,34.828,36.5396,2.6011,0.0583,41.6429,Co-digestion
38,1332.7,60.2,1.4,1.4,36.228,36.7865,2.6858,0.0602,43,Co-digestion
39,1387.8,55.1,3.1,3.1,39.328,35.2878,2.4583,0.0551,17.7742,Co-digestion
40,1446.6,58.8,3.1,3.1,42.428,34.0954,2.6234,0.0588,18.9677,Co-digestion
41,1498.8,52.2,3.1,3.1,45.528,32.9204,2.3289,0.0522,16.8387,Co-digestion
42,1546.5,47.7,3.1,3.1,48.628,31.8027,2.1281,0.0477,15.3871,Co-digestion
43,1597.9,51.4,3.1,3.1,51.728,30.8904,2.2932,0.0514,16.5806,Co-digestion
44,1645.9,48,3.1,3.1,54.828,30.0193,2.1415,0.048,15.4839,Co-digestion
45,1691.1,45.1,3.1,3.1,57.928,29.1931,2.0121,0.0451,14.5484,Co-digestion
46,1718.7,27.6,3.16,3.16,61.088,28.1348,1.2314,0.0276,8.7342,Co-digestion
47,1771.4,52.8,3.16,3.16,64.248,27.5713,2.3557,0.0528,16.7089,Co-digestion
48,1819.2,47.8,3.16,3.16,67.408,26.9879,2.1326,0.0478,15.1266,Co-digestion
49,1864.1,44.9,3.16,3.16,70.568,26.4157,2.0032,0.0449,14.2089,Co-digestion
50,1910.4,46.3,3.16,3.16,73.728,25.9115,2.0657,0.0463,14.6519,Co-digestion
51,1954.8,44.4,3.16,3.16,76.888,25.424,1.9809,0.0444,14.0506,Co-digestion
52,2008.8,54,3.16,3.16,80.048,25.0949,2.4092,0.054,17.0886,Co-digestion
53,2115.5,106.7,0.42,0.42,80.468,26.29,4.7604,0.1067,254.0476,C-GL only
54,2137,21.5,0.42,0.42,80.888,26.4192,0.9592,0.0215,51.1905,C-GL only
55,2188.6,51.6,0.42,0.42,81.308,26.9174,2.3021,0.0516,122.8571,C-GL only
56,2225.1,36.5,0.42,0.42,81.728,27.2257,1.6284,0.0365,86.9048,C-GL only
57,2261.5,36.4,0.42,0.42,82.148,27.5296,1.624,0.0364,86.6667,C-GL only
58,2291,29.5,0.42,0.42,82.568,27.7468,1.3161,0.0295,70.2381,C-GL only
59,2320.4,29.3,0.42,0.42,82.988,27.9607,1.3072,0.0293,69.7619,C-GL only
60,2335.5,15.1,0.42,0.42,83.408,28.0009,0.6737,0.0151,35.9524,C-GL only
61,2366,30.6,0.42,0.42,83.828,28.2245,1.3652,0.0306,72.8571,C-GL only
62,2396.5,30.5,0.42,0.42,84.248,28.4458,1.3608,0.0305,72.619,C-GL only
63,2412.3,15.8,0.42,0.42,84.668,28.4913,0.7049,0.0158,37.619,C-GL only
64,2442.5,30.3,0.42,0.42,85.088,28.7056,1.3518,0.0303,72.1429,C-GL only
65,2473.2,30.7,0.42,0.42,85.508,28.9236,1.3697,0.0307,73.0952,C-GL only
66,2504,30.8,0.42,0.42,85.928,29.1407,1.3741,0.0308,73.3333,C-GL only
67,2527,23,0.95,0.95,86.878,29.0868,1.0261,0.023,24.2105,C-GL only
68,2565,38,0.95,0.95,87.828,29.2048,1.6954,0.038,40,C-GL only
69,2596.7,31.7,0.95,0.95,88.778,29.2494,1.4143,0.0317,33.3684,C-GL only
70,2626.7,30,0.95,0.95,89.728,29.274,1.3384,0.03,31.5789,C-GL only
71,2664.8,38.1,0.95,0.95,90.678,29.3875,1.6998,0.0381,40.1053,C-GL only
72,2695.4,30.6,0.95,0.95,91.628,29.4168,1.3652,0.0306,32.2105,C-GL only
73,2726,30.6,0.95,0.95,92.578,29.4454,1.3652,0.0306,32.2105,C-GL only
74,2748.9,22.9,1.37,1.37,93.948,29.2598,1.0217,0.0229,16.7153,C-GL only
75,2771.9,23,1.37,1.37,95.318,29.0806,1.0261,0.023,16.7883,C-GL only
76,2795.2,23.3,1.37,1.37,96.688,28.9095,1.0395,0.0233,17.0073,C-GL only
77,2825,29.8,1.37,1.37,98.058,28.8095,1.3295,0.0298,21.7518,C-GL only
78,2832.9,7.9,1.37,1.37,99.428,28.492,0.3525,0.0079,5.7664,C-GL only
79,2848.4,15.5,1.37,1.37,100.798,28.2585,0.6915,0.0155,11.3139,C-GL only
80,2871.5,23.1,1.37,1.37,102.168,28.1057,1.0306,0.0231,16.8613,C-GL only
81,2886.7,15.2,1.37,1.37,103.538,27.8806,0.6781,0.0152,11.0949,C-GL only
82,2899.2,12.5,1.37,1.37,104.908,27.6356,0.5577,0.0125,9.1241,Post-feeding
83,2932.6,33.5,1.37,1.37,106.278,27.5937,1.4946,0.0335,24.4526,Post-feeding
84,2963.4,30.7,1.37,1.37,107.648,27.5286,1.3697,0.0307,22.4088,Post-feeding
85,2994.2,30.9,1.37,1.37,109.018,27.4652,1.3786,0.0309,22.5547,Post-feeding
86,3025.7,31.5,1.37,1.37,110.388,27.4097,1.4054,0.0315,22.9927,Post-feeding
87,3063.2,37.5,1.37,1.37,111.758,27.4092,1.6731,0.0375,27.3723,Post-feeding
88,3094.4,31.2,1.37,1.37,113.128,27.3531,1.392,0.0312,22.7737,Post-feeding
89,3124,29.6,0,0,113.128,27.6147,1.3206,0.0296,,Post-feeding
90,3154.4,30.4,0,0,113.128,27.8835,1.3563,0.0304,,Post-feeding
91,3169.7,15.3,0,0,113.128,28.0187,0.6826,0.0153,,Post-feeding
92,3192.6,22.9,0,0,113.128,28.2211,1.0217,0.0229,,Post-feeding
93,3207.8,15.2,0,0,113.128,28.3555,0.6781,0.0152,,Post-feeding
94,3223,15.2,0,0,113.128,28.4899,0.6781,0.0152,,Post-feeding
95,3238.4,15.3,0,0,113.128,28.626,0.6826,0.0153,,Post-feeding
96,3253.7,15.4,0,0,113.128,28.7612,0.6871,0.0154,,Post-feeding
97,3276.1,25.1,0,0,113.128,28.9592,1.1198,0.0251,,Post-feeding
